n,median_exposure,mean_roi_res,med_roi_res,mean_copyable_roi,sd_copyable_roi,sharpe_copyable,pnl,split,axis,price_q,price_min,price_max,bin,mean_price
392,0.3185042999999995,-0.39577689197381827,-0.87141392878647,0.1098779174110419,1.1824283122424806,0.0929256482387993,125.50707583272825,train,marg,3,0.3,0.65,0-20,0.4486133120978124
554,3.0037664200000003,-0.3894565249290754,-0.43296514812891007,0.15300561689773487,1.2142180676392262,0.1260116456636326,193.31645085109403,train,marg,3,0.3,0.65,20-40,0.4486133120978124
948,3.9621599999999995,-0.34266311012478934,0.026052732651219573,0.30192647577451304,1.253461305091883,0.2408741893730663,640.9363530503792,train,marg,3,0.3,0.65,40-60,0.4486133120978124
1497,5.2846541999999985,-0.37716168852672805,0.011530410640189087,0.17821408048689613,1.2078081084053434,0.1475516510004146,558.0156192776881,train,marg,3,0.3,0.65,60-80,0.4486133120978124
1511,11.105786000000002,-0.3777125676730333,0.010629326435356787,0.13865686156601206,1.1540112537254008,0.12015208787470433,2474.017651056984,train,marg,3,0.3,0.65,80-100,0.4486133120978124
680,0.06287253999999973,-0.23042244369448137,-0.17127681219707194,0.034033688624647646,0.4146688871438979,0.08207437229993414,393.043795171356,train,marg,4,0.65,0.9990000000000002,0-20,0.8394871724730795
459,22.739200000000004,-0.19699731131371265,-0.1044736727901252,0.09975415982399781,0.4142663979604698,0.2407971303371715,469.049075514404,train,marg,4,0.65,0.9990000000000002,20-40,0.8394871724730795
626,11.15766811315069,-0.22811758437040192,-0.15146796824101424,0.04492498766330516,0.4353221007572899,0.10319941851138108,377.525970907418,train,marg,4,0.65,0.9990000000000002,40-60,0.8394871724730795
933,9.200000000000001,-0.24684359857671173,-0.15760314901995617,0.011062896029632511,0.4599461982734222,0.02405258717467646,205.8111757666835,train,marg,4,0.65,0.9990000000000002,60-80,0.8394871724730795
2167,20.271533456442526,-0.25679545394826403,-0.15989822876097318,-0.010669385571378854,0.4616181511765019,-0.02311301135838431,613.6387281515082,train,marg,4,0.65,0.9990000000000002,80-100,0.8394871724730795
620,1.1125849100000003,-0.5195194746503722,-0.8723776926836129,0.8181898566093271,2.7743576075118557,0.2949114614475058,193.56686516019352,train,marg,2,0.12,0.3,0-20,0.1955833962497835
957,1.9328858230000001,-0.5636996548087205,-0.8724149288119957,0.5525266333550551,2.5995531277656467,0.2125467748489371,385.22816607859824,train,marg,2,0.12,0.3,20-40,0.1955833962497835
1210,2.5139082767975935,-0.5696745960398996,-0.8723723310419167,0.4558747304157647,2.4796021412125975,0.1838499502959893,667.270288799997,train,marg,2,0.12,0.3,40-60,0.1955833962497835
1252,4.40935,-0.5638865881016764,-0.8722928172299679,0.41038629562858137,2.372393627849213,0.17298406588650017,1179.7353179052184,train,marg,2,0.12,0.3,60-80,0.1955833962497835
865,7.8134282399999995,-0.5441504457482405,-0.8723182962161664,0.5634828603289151,2.512007536091846,0.22431575233471457,2590.411796283468,train,marg,2,0.12,0.3,80-100,0.1955833962497835
1860,0.30915839500000003,-0.8411582870104446,-0.8741080215618615,1.3027194253388308,17.326870337307238,0.07518492376167259,599.7320463380951,train,marg,0,0.0010000000000000009,0.03428571428571429,0-20,0.015374692098269612
1406,0.5054684100000002,-0.8345817490414725,-0.8738721262514069,1.807362260835153,22.488642147365173,0.08036778072200808,465.7541182172716,train,marg,0,0.0010000000000000009,0.03428571428571429,20-40,0.015374692098269612
857,0.840628908,-0.8106295258420979,-0.8738101075060619,4.035413882242361,27.829899533676205,0.14500281890558808,1207.3797712282735,train,marg,0,0.0010000000000000009,0.03428571428571429,40-60,0.015374692098269612
510,1.6622642595000001,-0.7913552046867516,-0.8738689665702426,2.8224691169487675,16.708961619383786,0.16891948053040404,1317.2158160876018,train,marg,0,0.0010000000000000009,0.03428571428571429,60-80,0.015374692098269612
271,3.0000080000000007,-0.8072270316663938,-0.8738101075060619,2.6687791974985386,17.233739556168135,0.1548578118405738,1568.7616509600234,train,marg,0,0.0010000000000000009,0.03428571428571429,80-100,0.015374692098269612
927,0.4575029205332172,-0.741338590844561,-0.8731105295898414,0.7253906891955169,5.171301183925844,0.1402723731215418,39.30173179806802,train,marg,1,0.03428571428571429,0.12,0-20,0.06917645446511425
1225,0.9990000000000007,-0.6894042664271575,-0.8730532258202848,1.2561072757139093,5.55668316576408,0.2260534276010294,766.7465213304565,train,marg,1,0.03428571428571429,0.12,20-40,0.06917645446511425
1142,1.6708918749999992,-0.6845552014103986,-0.87301573268523,1.2746089042922255,5.58554232373599,0.2281978777379813,1109.7487642801673,train,marg,1,0.03428571428571429,0.12,40-60,0.06917645446511425
1053,2.415965879999999,-0.7024123172669335,-0.8730532258202848,1.2054717049684958,5.6535111503238555,0.21322531660690924,1336.4610313556611,train,marg,1,0.03428571428571429,0.12,60-80,0.06917645446511425
560,4.400223765,-0.6695976587527562,-0.8730032643823263,1.642167877169364,6.03582756819749,0.27207004484718456,2709.1512205603194,train,marg,1,0.03428571428571429,0.12,80-100,0.06917645446511425
237,0.45173409000000864,-0.31637521729870566,-0.20046936353858713,0.008825218062918552,0.5850110362398896,0.015085558247998048,10.891050966337072,val,marg,4,0.52,0.9990000000000003,0-20,0.7570279990446729
150,13.3365456,-0.33228929604308394,-0.1755530387892963,0.020148348309683192,0.6606876371980094,0.030496027434587358,-32.740849118357175,val,marg,4,0.52,0.9990000000000003,20-40,0.7570279990446729
164,14.4857768,-0.3110525803602851,-0.18515343793276237,0.02631534463936064,0.5921696584966758,0.04443886015059713,8.419495540391225,val,marg,4,0.52,0.9990000000000003,40-60,0.7570279990446729
403,19.827599999999997,-0.27656027354032087,-0.15862490285558634,0.13376601265163626,0.6137950812986674,0.21793268914539715,75.01587751409477,val,marg,4,0.52,0.9990000000000003,60-80,0.7570279990446729
999,37.919000000000004,-0.32304774602335024,-0.19147612392614705,2.8645540986881622e-05,0.5964217405927396,4.8029002025333504e-05,-1041.1878315876547,val,marg,4,0.52,0.9990000000000003,80-100,0.7570279990446729
265,3.0437999999999996,-0.6663543955263024,-0.8682395558656676,0.13448056925009735,2.296388139488638,0.058561776616754185,41.10894109771656,val,marg,2,0.11999999999999998,0.262,0-20,0.181910589970039
355,4.2432,-0.6558970226997145,-0.8682071485144438,0.28445381435263667,2.5182722696662263,0.11295594117404088,35.493238063183426,val,marg,2,0.11999999999999998,0.262,20-40,0.181910589970039
490,3.5995482599999997,-0.6892765586572405,-0.8682395558656676,0.018177633598014335,2.2059585791347405,0.008240242482315458,-52.009886638802406,val,marg,2,0.11999999999999998,0.262,40-60,0.181910589970039
487,5.588689319999999,-0.6368738425506908,-0.8681240715681718,0.2783074270615061,2.3736738759001947,0.11724754183257818,229.29180088186536,val,marg,2,0.11999999999999998,0.262,60-80,0.181910589970039
447,11.3331504,-0.6744950632473345,-0.8681537282488538,0.08941403623981602,2.260097255552304,0.03956203035960316,-292.27169451786483,val,marg,2,0.11999999999999998,0.262,80-100,0.181910589970039
156,9.613150000000001,-0.5039828342639602,-0.8673062459479121,0.10375120074933229,1.383589458710372,0.07498698410584712,7.245619978896627,val,marg,3,0.2634874093833682,0.52,0-20,0.37692781280122767
245,5.0085,-0.5311613405318895,-0.8674433698793133,0.0213660747965845,1.355894403079862,0.01575791945748303,59.211913969425055,val,marg,3,0.2634874093833682,0.52,20-40,0.37692781280122767
341,6.592751759999999,-0.5340484617005995,-0.8675054676012169,0.022748840058435138,1.3671361049611994,0.016639777104768053,116.70154187668481,val,marg,3,0.2634874093833682,0.52,40-60,0.37692781280122767
444,8.18,-0.5215402663297818,-0.8674290148490323,0.055191646576911675,1.3654188265111546,0.040421038223073594,48.03982036050662,val,marg,3,0.2634874093833682,0.52,60-80,0.37692781280122767
837,11.61,-0.5221327400122298,-0.8673861200135425,0.024617391435727852,1.3152322882144893,0.018717143470639328,-966.0017759676606,val,marg,3,0.2634874093833682,0.52,80-100,0.37692781280122767
879,0.63,-0.859512748663302,-0.8698329756708569,-0.5306826247942719,4.711632033629422,-0.11263244264545871,68.40177989628666,val,marg,0,0.001,0.03600001156812711,0-20,0.015092806333335967
585,1.216000000000001,-0.8663050666614709,-0.8697234049091366,-0.6935687292340829,6.073865259470114,-0.11418902125836587,-96.41704364897979,val,marg,0,0.001,0.03600001156812711,20-40,0.015092806333335967
281,1.29,-0.8550600302461705,-0.869654475883461,-0.05006684366114979,9.524044885905317,-0.005256888670825561,-30.313177829642832,val,marg,0,0.001,0.03600001156812711,40-60,0.015092806333335967
196,2.703015186,-0.8644247012808555,-0.8695171633912447,-0.8299319727891156,2.38095238095238,-0.3485714285714287,-110.4287452346275,val,marg,0,0.001,0.03600001156812711,60-80,0.015092806333335967
105,4.959129999999999,-0.8695556911922259,-0.8694677488037332,-1.0,0.0,,-196.69987235476714,val,marg,0,0.001,0.03600001156812711,80-100,0.015092806333335967
597,3.2995968303598833,-0.7871330170121609,-0.8690204173292977,0.11723319018077163,3.885269074278497,0.03017376349990434,123.56242513238641,val,marg,1,0.037,0.11999999999999998,0-20,0.06892460403384114
467,1.25928,-0.7970507945765111,-0.8688821406433086,-0.017342964273451146,3.790195177711526,-0.0045757443773443394,40.037001597294605,val,marg,1,0.037,0.11999999999999998,20-40,0.06892460403384114
392,2.1986520299999985,-0.7703179104184104,-0.868825093356222,0.3101865007966041,4.204406928013612,0.07377651737986096,20.50613441763882,val,marg,1,0.037,0.11999999999999998,40-60,0.06892460403384114
285,4.3999999999999995,-0.7797046446445135,-0.86877484923827,0.16615576199920293,3.9431070808320277,0.04213828298168933,160.30017296779963,val,marg,1,0.037,0.11999999999999998,60-80,0.06892460403384114
308,4.9999995,-0.8160068842256313,-0.868825093356222,-0.28353322503620615,3.194691372639924,-0.08875136655279138,-390.15822627859825,val,marg,1,0.037,0.11999999999999998,80-100,0.06892460403384114
130,8.54530778172144,-0.6016781325250216,-0.9212723261504935,0.21194266156043343,1.5865560882740581,0.13358661766001362,28.379641709535797,test,marg,3,0.22,0.46,0-20,0.3143256643077048
158,8.173787499999975,-0.6776275196918901,-0.9214553409376146,-0.037192134890605015,1.541831107581759,-0.024122055073164245,34.56968798184189,test,marg,3,0.22,0.46,20-40,0.3143256643077048
251,7.74,-0.646093979851246,-0.9213269270965733,0.056099824101329285,1.5530155104683354,0.03612315763955991,88.63347961665733,test,marg,3,0.22,0.46,40-60,0.3143256643077048
336,6.142199999999999,-0.7179831783229267,-0.9214553409376146,-0.2158987211763331,1.4188455930823765,-0.1521650574445547,-9.504025910706538,test,marg,3,0.22,0.46,60-80,0.3143256643077048
413,16.08,-0.691109122914305,-0.9212869342364131,-0.1636289479364911,1.3832763705700775,-0.11829085742934808,716.0819918385748,test,marg,3,0.22,0.46,80-100,0.3143256643077048
110,0.00620647000000087,-0.4004003836362126,-0.2801933191369688,0.037001211906166113,0.6584755674548983,0.056192232081109794,3.009018601700424,test,marg,4,0.46,0.9990000000000001,0-20,0.7432827322961273
70,9.16269233944638,-0.43306823761406615,-0.2192513873690118,0.008440742733420077,0.7262132730705542,0.01162295298973423,-12.642406287445922,test,marg,4,0.46,0.9990000000000001,20-40,0.7432827322961273
103,10.656699999999999,-0.35781849458176107,-0.2375247045955341,0.18387956768772246,0.6812765144567673,0.269904456980061,20.054947171916893,test,marg,4,0.46,0.9990000000000001,40-60,0.7432827322961273
233,19.12138512,-0.34938301317556564,-0.24089103458103828,0.1606946056619138,0.6240770677491871,0.25749160474920063,69.44577762674349,test,marg,4,0.46,0.9990000000000001,60-80,0.7432827322961273
720,26.29955235,-0.36452644836036335,-0.264593800179214,0.08734200842949881,0.5838848550144211,0.149587727236634,765.463780901744,test,marg,4,0.46,0.9990000000000001,80-100,0.7432827322961273
541,0.68727012,-0.9061792863198058,-0.9232816675370921,-0.4169047218954798,4.3458882894649955,-0.09593084178120999,-20.94821034305477,test,marg,0,0.0010000000000000007,0.05,0-20,0.02478242474112548
280,1.1669505599999996,-0.9099426600396143,-0.9232038684916619,-0.43356489433560086,4.812096877947673,-0.0900989538100308,-5.872894060782908,test,marg,0,0.0010000000000000007,0.05,20-40,0.02478242474112548
233,2.131410000000002,-0.8869593396402906,-0.9231196911953925,0.01812109520858584,5.19475825125973,0.003488342350520637,-42.075668093898564,test,marg,0,0.0010000000000000007,0.05,40-60,0.02478242474112548
135,3.5638599999999996,-0.916303939398906,-0.9231196911953925,-0.7530864258762822,2.86887648160113,-0.26250221322041095,-101.9260601084998,test,marg,0,0.0010000000000000007,0.05,60-80,0.02478242474112548
87,5.1513635,-0.9015924291872482,-0.9231196911953925,-0.42528735632183906,3.768388045700419,-0.11285657187217624,-171.67610333156057,test,marg,0,0.0010000000000000007,0.05,80-100,0.02478242474112548
188,4.3018327694745295,-0.7091164237581453,-0.9220031886114175,0.5665409992412577,2.8767534062428854,0.19693763045932217,60.27540678831179,test,marg,2,0.11,0.22,0-20,0.15819827397640188
284,4.76535,-0.7962478800609719,-0.9220339215046691,-0.018058449966658546,2.5054692587781413,-0.0072076118688701165,70.19509428159955,test,marg,2,0.11,0.22,20-40,0.15819827397640188
308,4.505643749999999,-0.7948665719618347,-0.9219895343683112,-0.0667505853171603,2.352693365876615,-0.028371986883334872,91.6626209300091,test,marg,2,0.11,0.22,40-60,0.15819827397640188
269,5.585362305853962,-0.8331456981711803,-0.9220071725724129,-0.3954475035297887,1.8650840662871127,-0.212026637660907,-144.17029477563042,test,marg,2,0.11,0.22,60-80,0.15819827397640188
246,8.6491495,-0.802546762785631,-0.921975344712516,-0.12208567912053511,2.288396934057679,-0.053349870078727324,127.43765139274521,test,marg,2,0.11,0.22,80-100,0.15819827397640188
275,1.7784,-0.788097982197316,-0.9225432899575496,1.030766543285882,5.038802741565665,0.20456576614578892,80.5621808535618,test,marg,1,0.05,0.11,0-20,0.07481014008682137
371,2.1759999999999997,-0.8428570579505514,-0.9225543552706348,0.18668813277108734,3.9485054994680504,0.04728070729450378,24.6854386969968,test,marg,1,0.05,0.11,20-40,0.07481014008682137
259,2.99999717199986,-0.8015031877286737,-0.9225292709182981,0.705858598440251,4.477123050469658,0.15765896770833787,57.78778081492163,test,marg,1,0.05,0.11,40-60,0.07481014008682137
186,3.9994995000000007,-0.8231490006695001,-0.9224944212425921,0.4788154654651775,4.382221582598399,0.10926317997395014,-32.24835971369296,test,marg,1,0.05,0.11,60-80,0.07481014008682137
178,5.645804799999999,-0.8552217890415743,-0.9225269810436009,-0.028998375744742382,3.5383948822692317,-0.00819534752609218,-195.87153141805305,test,marg,1,0.05,0.11,80-100,0.07481014008682137
