wallet,frac,threshold
0x04b3f873b003eba3774df1e5e47a370d27ee1b7e,0.2,14.999999
0x04b3f873b003eba3774df1e5e47a370d27ee1b7e,0.5,9.999999000000003
0x04b3f873b003eba3774df1e5e47a370d27ee1b7e,0.8,9.999998999999999
0x04b3f873b003eba3774df1e5e47a370d27ee1b7e,1.0,8.54809172
0x04dbe94fc549e2bfff09aec1cd9d02960adaf0fd,0.2,0.8273883799999999
0x04dbe94fc549e2bfff09aec1cd9d02960adaf0fd,0.5,0.81407046
0x04dbe94fc549e2bfff09aec1cd9d02960adaf0fd,0.8,0.81407046
0x04dbe94fc549e2bfff09aec1cd9d02960adaf0fd,1.0,0.3801
0x0e7fb335ea9e556e5269994c3d6c21f0820c8605,0.2,0.9826000000000001
0x0e7fb335ea9e556e5269994c3d6c21f0820c8605,0.5,0.9826000000000001
0x0e7fb335ea9e556e5269994c3d6c21f0820c8605,0.8,0.8504999999999999
0x0e7fb335ea9e556e5269994c3d6c21f0820c8605,1.0,0.073712565
0x1838cca016850ac7185a9b149fe7d0bd2d6629b4,0.2,202.24495686094733
0x1838cca016850ac7185a9b149fe7d0bd2d6629b4,0.5,31.6635
0x1838cca016850ac7185a9b149fe7d0bd2d6629b4,0.8,20.488900000000015
0x1838cca016850ac7185a9b149fe7d0bd2d6629b4,1.0,16.481364554736338
0x198e7791061f8a63e688c0de0108dcec8c98ede0,0.2,156.04434990000004
0x198e7791061f8a63e688c0de0108dcec8c98ede0,0.5,37.39514089
0x198e7791061f8a63e688c0de0108dcec8c98ede0,0.8,30.593600000000002
0x198e7791061f8a63e688c0de0108dcec8c98ede0,1.0,6.4636
0x1bf71e6bc7aecd80e302e016c2d47f398aba40c0,0.2,27.99351205
0x1bf71e6bc7aecd80e302e016c2d47f398aba40c0,0.5,21.001461077692305
0x1bf71e6bc7aecd80e302e016c2d47f398aba40c0,0.8,15.843066835530976
0x1bf71e6bc7aecd80e302e016c2d47f398aba40c0,1.0,3.12
0x2c576d00e8e76c133e33dbb82b70eb5de78f372d,0.2,161.63229293999999
0x2c576d00e8e76c133e33dbb82b70eb5de78f372d,0.5,64.71385511664997
0x2c576d00e8e76c133e33dbb82b70eb5de78f372d,0.8,15.800425000000008
0x2c576d00e8e76c133e33dbb82b70eb5de78f372d,1.0,1.8897999999999997
0x3be578df57b561105d8f6578c1e1f2d0c079bc8b,0.2,98.5
0x3be578df57b561105d8f6578c1e1f2d0c079bc8b,0.5,5.402233333333334
0x3be578df57b561105d8f6578c1e1f2d0c079bc8b,0.8,1.4000000000000001
0x3be578df57b561105d8f6578c1e1f2d0c079bc8b,1.0,0.05485199999999999
0x3dd3035809b0969b8d14dcbf2be8b3e7324dccac,0.2,466.1475244293065
0x3dd3035809b0969b8d14dcbf2be8b3e7324dccac,0.5,197.90574639000002
0x3dd3035809b0969b8d14dcbf2be8b3e7324dccac,0.8,154.53231683
0x3dd3035809b0969b8d14dcbf2be8b3e7324dccac,1.0,61.32962086311052
0x40f222e47e76f7fa9022233237bb03df12e5a57c,0.2,0.11403300000000001
0x40f222e47e76f7fa9022233237bb03df12e5a57c,0.5,0.07503300000000002
0x40f222e47e76f7fa9022233237bb03df12e5a57c,0.8,0.07503300000000002
0x40f222e47e76f7fa9022233237bb03df12e5a57c,1.0,0.05765100000000005
0x4247c89f4a9236a6b5fb24502023bcc98ab1455f,0.2,1.995
0x4247c89f4a9236a6b5fb24502023bcc98ab1455f,0.5,1.98
0x4247c89f4a9236a6b5fb24502023bcc98ab1455f,0.8,1.98
0x4247c89f4a9236a6b5fb24502023bcc98ab1455f,1.0,1.9600000000000002
0x4de148ab2ea9ddffdc82f5e5b8f7605d6ba118a2,0.2,99.99999899999997
0x4de148ab2ea9ddffdc82f5e5b8f7605d6ba118a2,0.5,99.99999899999997
0x4de148ab2ea9ddffdc82f5e5b8f7605d6ba118a2,0.8,88.37166639999998
0x4de148ab2ea9ddffdc82f5e5b8f7605d6ba118a2,1.0,5.004502859294122
0x4ffe49ba2a4cae123536a8af4fda48faeb609f71,0.2,11.97
0x4ffe49ba2a4cae123536a8af4fda48faeb609f71,0.5,5.888395990353117
0x4ffe49ba2a4cae123536a8af4fda48faeb609f71,0.8,2.363725990353117
0x4ffe49ba2a4cae123536a8af4fda48faeb609f71,1.0,0.19834700000000005
0x53685989c332366675257535f28abd6d17782d62,0.2,20.41716
0x53685989c332366675257535f28abd6d17782d62,0.5,12.253896
0x53685989c332366675257535f28abd6d17782d62,0.8,6.131448000000001
0x53685989c332366675257535f28abd6d17782d62,1.0,2.0498160000000003
0x5e40ba72c60c6fe4f970161818200bb5263cf89c,0.2,26.0
0x5e40ba72c60c6fe4f970161818200bb5263cf89c,0.5,3.484489999999999
0x5e40ba72c60c6fe4f970161818200bb5263cf89c,0.8,3.484489999999999
0x5e40ba72c60c6fe4f970161818200bb5263cf89c,1.0,1.56
0x5e71d59168257fb5b2c1a8c3037c53084435afe6,0.2,6.708031021221171
0x5e71d59168257fb5b2c1a8c3037c53084435afe6,0.5,6.708031021221171
0x5e71d59168257fb5b2c1a8c3037c53084435afe6,0.8,6.708031021221171
0x5e71d59168257fb5b2c1a8c3037c53084435afe6,1.0,6.708031021221171
0x5f612351a9e46afbe3f164473a7d77a69ec9840a,0.2,39.4492
0x5f612351a9e46afbe3f164473a7d77a69ec9840a,0.5,14.9968
0x5f612351a9e46afbe3f164473a7d77a69ec9840a,0.8,3.0000000000000004
0x5f612351a9e46afbe3f164473a7d77a69ec9840a,1.0,0.34999999999999976
0x607c221d1fca1747501fe0b605991ed540fd8e7e,0.2,3.85343154
0x607c221d1fca1747501fe0b605991ed540fd8e7e,0.5,3.000356250000001
0x607c221d1fca1747501fe0b605991ed540fd8e7e,0.8,0.4007632000000001
0x607c221d1fca1747501fe0b605991ed540fd8e7e,1.0,0.09735784999999997
0x6c9f38d67d77721353d8aeac0a7e8bc207638e7d,0.2,24.47389248
0x6c9f38d67d77721353d8aeac0a7e8bc207638e7d,0.5,11.499995864999464
0x6c9f38d67d77721353d8aeac0a7e8bc207638e7d,0.8,11.052631400000001
0x6c9f38d67d77721353d8aeac0a7e8bc207638e7d,1.0,4.6424
0x702e2cd7a34372405f24534e25012a6da4284357,0.2,40.12464958786943
0x702e2cd7a34372405f24534e25012a6da4284357,0.5,22.315279563305438
0x702e2cd7a34372405f24534e25012a6da4284357,0.8,11.200379115208076
0x702e2cd7a34372405f24534e25012a6da4284357,1.0,0.945733
0x710dc593d792853f2c103100e7f081ffdaaa02aa,0.2,114.88499999999999
0x710dc593d792853f2c103100e7f081ffdaaa02aa,0.5,40.919998019999994
0x710dc593d792853f2c103100e7f081ffdaaa02aa,0.8,24.007906399999996
0x710dc593d792853f2c103100e7f081ffdaaa02aa,1.0,1.5918000000000003
0x72476fa4e440ef335fcabd3b14c9af328860ecb6,0.2,15.027050466
0x72476fa4e440ef335fcabd3b14c9af328860ecb6,0.5,12.79951542
0x72476fa4e440ef335fcabd3b14c9af328860ecb6,0.8,8.339468006809147
0x72476fa4e440ef335fcabd3b14c9af328860ecb6,1.0,2.6781999999999995
0x726e9d517a96053a87d3beafae95a3678539aafb,0.2,162.95249
0x726e9d517a96053a87d3beafae95a3678539aafb,0.5,5.2942
0x726e9d517a96053a87d3beafae95a3678539aafb,0.8,5.2942
0x726e9d517a96053a87d3beafae95a3678539aafb,1.0,5.2942
0x73e780f4b97209e80f6b9e04e460591adf418b59,0.2,13.0
0x73e780f4b97209e80f6b9e04e460591adf418b59,0.5,4.630639200000001
0x73e780f4b97209e80f6b9e04e460591adf418b59,0.8,2.5668571428571436
0x73e780f4b97209e80f6b9e04e460591adf418b59,1.0,0.16000000000000014
0x77357b4fcc685e5ba9e67b7ba00f8ae059c34740,0.2,2328.0973934416247
0x77357b4fcc685e5ba9e67b7ba00f8ae059c34740,0.5,1364.928252352851
0x77357b4fcc685e5ba9e67b7ba00f8ae059c34740,0.8,926.6044247697382
0x77357b4fcc685e5ba9e67b7ba00f8ae059c34740,1.0,49.749998000000005
0x77bdeb3f229bf6d826d20dbd5f0c7972c32ae48f,0.2,1.129088125
0x77bdeb3f229bf6d826d20dbd5f0c7972c32ae48f,0.5,0.9010642900000003
0x77bdeb3f229bf6d826d20dbd5f0c7972c32ae48f,0.8,0.6276681599999991
0x77bdeb3f229bf6d826d20dbd5f0c7972c32ae48f,1.0,0.47752904
0x7b2007f18b374aa05c018f65ced5084daf6aeb02,0.2,16.3584
0x7b2007f18b374aa05c018f65ced5084daf6aeb02,0.5,2.0000000000000018
0x7b2007f18b374aa05c018f65ced5084daf6aeb02,0.8,1.0000000000000009
0x7b2007f18b374aa05c018f65ced5084daf6aeb02,1.0,0.7945450000000001
0x8383a695e82d69bff00d4032c7037b3eba01cb59,0.2,26.533153798414002
0x8383a695e82d69bff00d4032c7037b3eba01cb59,0.5,16.319181
0x8383a695e82d69bff00d4032c7037b3eba01cb59,0.8,3.79974
0x8383a695e82d69bff00d4032c7037b3eba01cb59,1.0,0.0
0x85d22a973e817f87afe0a7fd346a39823cce7479,0.2,98.66479999999999
0x85d22a973e817f87afe0a7fd346a39823cce7479,0.5,62.20087726070861
0x85d22a973e817f87afe0a7fd346a39823cce7479,0.8,6.62406
0x85d22a973e817f87afe0a7fd346a39823cce7479,1.0,0.9113
0x85dfe68799c81169482aad52aabd3d899404fb48,0.2,153.0
0x85dfe68799c81169482aad52aabd3d899404fb48,0.5,60.973800479999994
0x85dfe68799c81169482aad52aabd3d899404fb48,0.8,7.280065030720603
0x85dfe68799c81169482aad52aabd3d899404fb48,1.0,3.8086800000000003
0x86995e70ebadcc054e573783f62f45786325f6be,0.2,218.50500000000002
0x86995e70ebadcc054e573783f62f45786325f6be,0.5,22.3839
0x86995e70ebadcc054e573783f62f45786325f6be,0.8,22.3839
0x86995e70ebadcc054e573783f62f45786325f6be,1.0,11.813900000000002
0x87046cc15301a1eb23a62d5a53d44301c4963b94,0.2,1.48032
0x87046cc15301a1eb23a62d5a53d44301c4963b94,0.5,0.523
0x87046cc15301a1eb23a62d5a53d44301c4963b94,0.8,0.1818
0x87046cc15301a1eb23a62d5a53d44301c4963b94,1.0,0.08866
0x8a19890daccd81dc8eab48ea8a311d2a801e073d,0.2,199.999994
0x8a19890daccd81dc8eab48ea8a311d2a801e073d,0.5,49.584425798219954
0x8a19890daccd81dc8eab48ea8a311d2a801e073d,0.8,23.197
0x8a19890daccd81dc8eab48ea8a311d2a801e073d,1.0,6.932339642076743
0x8cc1262cf53b83047926e09af8e5ab3bf537b9f8,0.2,215.73317017383343
0x8cc1262cf53b83047926e09af8e5ab3bf537b9f8,0.5,176.4
0x8cc1262cf53b83047926e09af8e5ab3bf537b9f8,0.8,145.23205920592056
0x8cc1262cf53b83047926e09af8e5ab3bf537b9f8,1.0,100.80349999999999
0x8d0930676d559cc8fb7d8af0c555791c1820143f,0.2,74.999166
0x8d0930676d559cc8fb7d8af0c555791c1820143f,0.5,24.2571456
0x8d0930676d559cc8fb7d8af0c555791c1820143f,0.8,10.000000000000009
0x8d0930676d559cc8fb7d8af0c555791c1820143f,1.0,6.5697000000000045
0x8eea2d8458fcad16bf50dec2b7de76e989d6e285,0.2,25.382399999999997
0x8eea2d8458fcad16bf50dec2b7de76e989d6e285,0.5,12.8032
0x8eea2d8458fcad16bf50dec2b7de76e989d6e285,0.8,9.6
0x8eea2d8458fcad16bf50dec2b7de76e989d6e285,1.0,9.6
0x919698b19427cbe6945b0dc823f2d9e126a4d934,0.2,412.14900748
0x919698b19427cbe6945b0dc823f2d9e126a4d934,0.5,6.0
0x919698b19427cbe6945b0dc823f2d9e126a4d934,0.8,4.32
0x919698b19427cbe6945b0dc823f2d9e126a4d934,1.0,2.1267000000000005
0x923cab91dbbba0cefa969e9312bfdff2a199fa1d,0.2,0.19967168999999999
0x923cab91dbbba0cefa969e9312bfdff2a199fa1d,0.5,0.13809016800000004
0x923cab91dbbba0cefa969e9312bfdff2a199fa1d,0.8,0.028230168999545693
0x923cab91dbbba0cefa969e9312bfdff2a199fa1d,1.0,0.028230168999545693
0x9a2626d1b61d20792e4db19fd492b8cf369fc335,0.2,30.600000000000005
0x9a2626d1b61d20792e4db19fd492b8cf369fc335,0.5,24.000000000000004
0x9a2626d1b61d20792e4db19fd492b8cf369fc335,0.8,19.178004299999998
0x9a2626d1b61d20792e4db19fd492b8cf369fc335,1.0,13.203899999999996
0x9be9889b723b32bfc8398039d875549746217017,0.2,25.604901087000005
0x9be9889b723b32bfc8398039d875549746217017,0.5,9.893368552
0x9be9889b723b32bfc8398039d875549746217017,0.8,1.7999999999999998
0x9be9889b723b32bfc8398039d875549746217017,1.0,0.22163000000000005
0x9cb35555b913c805a62a2e34bce4ef14f0e81367,0.2,27.6
0x9cb35555b913c805a62a2e34bce4ef14f0e81367,0.5,8.4014
0x9cb35555b913c805a62a2e34bce4ef14f0e81367,0.8,3.289345289999998
0x9cb35555b913c805a62a2e34bce4ef14f0e81367,1.0,0.040159999999999994
0x9cefe51ca5380e8d66d25f9463900581a4ff8fa3,0.2,13.1857128
0x9cefe51ca5380e8d66d25f9463900581a4ff8fa3,0.5,4.999999
0x9cefe51ca5380e8d66d25f9463900581a4ff8fa3,0.8,3.989998253749906
0x9cefe51ca5380e8d66d25f9463900581a4ff8fa3,1.0,1.9999980000000004
0x9e83dcf11f1457887cfec68efaec6ad6aeaa9394,0.2,24.96492264
0x9e83dcf11f1457887cfec68efaec6ad6aeaa9394,0.5,11.76
0x9e83dcf11f1457887cfec68efaec6ad6aeaa9394,0.8,4.54
0x9e83dcf11f1457887cfec68efaec6ad6aeaa9394,1.0,3.7335
0xaa2873c371b71d36d31ea67be7e8be97c072090b,0.2,4.04635836
0xaa2873c371b71d36d31ea67be7e8be97c072090b,0.5,2.9997
0xaa2873c371b71d36d31ea67be7e8be97c072090b,0.8,2.2502429999999998
0xaa2873c371b71d36d31ea67be7e8be97c072090b,1.0,1.0890000000000002
0xaa7a74b8c754e8aacc1ac2dedb699af0a3224d23,0.2,107.45300909999999
0xaa7a74b8c754e8aacc1ac2dedb699af0a3224d23,0.5,7.19957125
0xaa7a74b8c754e8aacc1ac2dedb699af0a3224d23,0.8,7.19957125
0xaa7a74b8c754e8aacc1ac2dedb699af0a3224d23,1.0,6.11949
0xae8f39981cdf14c2087dd14f7b47c2d3a831c820,0.2,42.238200000000006
0xae8f39981cdf14c2087dd14f7b47c2d3a831c820,0.5,16.0732
0xae8f39981cdf14c2087dd14f7b47c2d3a831c820,0.8,7.35
0xae8f39981cdf14c2087dd14f7b47c2d3a831c820,1.0,1.7000000000000002
0xaf17116ae2b1476032785a67bd5b7c8c05905c20,0.2,53.04681053944276
0xaf17116ae2b1476032785a67bd5b7c8c05905c20,0.5,38.0
0xaf17116ae2b1476032785a67bd5b7c8c05905c20,0.8,26.391067415730337
0xaf17116ae2b1476032785a67bd5b7c8c05905c20,1.0,19.143700000000003
0xb07e2acde1de238ba676b9042d6759c59fdee682,0.2,19.78
0xb07e2acde1de238ba676b9042d6759c59fdee682,0.5,12.959999999999999
0xb07e2acde1de238ba676b9042d6759c59fdee682,0.8,5.109999999999999
0xb07e2acde1de238ba676b9042d6759c59fdee682,1.0,0.0
0xb3476e21d2505bd523c3193f6feac01fda0aa115,0.2,9.999631
0xb3476e21d2505bd523c3193f6feac01fda0aa115,0.5,8.9997786
0xb3476e21d2505bd523c3193f6feac01fda0aa115,0.8,7.8549786
0xb3476e21d2505bd523c3193f6feac01fda0aa115,1.0,7.8549786
0xb79fadaa593335ee1a1ccb4506c9c89ac3b2d749,0.2,0.5945056400000001
0xb79fadaa593335ee1a1ccb4506c9c89ac3b2d749,0.5,0.47400000000000003
0xb79fadaa593335ee1a1ccb4506c9c89ac3b2d749,0.8,0.1818
0xb79fadaa593335ee1a1ccb4506c9c89ac3b2d749,1.0,0.1818
0xb8fca82fafe3735faa7df168582c1e7d709088e1,0.2,281.21345928
0xb8fca82fafe3735faa7df168582c1e7d709088e1,0.5,281.21345928
0xb8fca82fafe3735faa7df168582c1e7d709088e1,0.8,40.3351
0xb8fca82fafe3735faa7df168582c1e7d709088e1,1.0,25.767
0xb95e3c95df098ed35ef27c23daf7b7e59eca8b12,0.2,12.375397200000002
0xb95e3c95df098ed35ef27c23daf7b7e59eca8b12,0.5,10.522241484042567
0xb95e3c95df098ed35ef27c23daf7b7e59eca8b12,0.8,4.921406264715477
0xb95e3c95df098ed35ef27c23daf7b7e59eca8b12,1.0,0.0
0xbc4e46aa57fc149c046e847dfe5ae536db697dbb,0.2,174.23021418
0xbc4e46aa57fc149c046e847dfe5ae536db697dbb,0.5,29.25
0xbc4e46aa57fc149c046e847dfe5ae536db697dbb,0.8,17.98151827872622
0xbc4e46aa57fc149c046e847dfe5ae536db697dbb,1.0,13.999728120000002
0xbd71233ab7a25bc420929cd67476219762f31281,0.2,29.978379999999998
0xbd71233ab7a25bc420929cd67476219762f31281,0.5,16.7958
0xbd71233ab7a25bc420929cd67476219762f31281,0.8,12.135000000000003
0xbd71233ab7a25bc420929cd67476219762f31281,1.0,3.1295999999999995
0xbe0e2ccaba04e1cff6328df819aba5648578d429,0.2,1.0
0xbe0e2ccaba04e1cff6328df819aba5648578d429,0.5,1.0
0xbe0e2ccaba04e1cff6328df819aba5648578d429,0.8,0.5
0xbe0e2ccaba04e1cff6328df819aba5648578d429,1.0,0.365
0xc327160887453b4e7e2e6c0964c854055c79d803,0.2,55.152990987
0xc327160887453b4e7e2e6c0964c854055c79d803,0.5,51.882994931315096
0xc327160887453b4e7e2e6c0964c854055c79d803,0.8,36.459900000000005
0xc327160887453b4e7e2e6c0964c854055c79d803,1.0,36.459900000000005
0xc8769416b054a6dfbaad14cb38309effc79b8711,0.2,0.6400000000000001
0xc8769416b054a6dfbaad14cb38309effc79b8711,0.5,0.20250000000000007
0xc8769416b054a6dfbaad14cb38309effc79b8711,0.8,0.1818
0xc8769416b054a6dfbaad14cb38309effc79b8711,1.0,0.1818
0xcaf59289145789242a4af6b975997344229841ab,0.2,7.5405999999999995
0xcaf59289145789242a4af6b975997344229841ab,0.5,5.1768
0xcaf59289145789242a4af6b975997344229841ab,0.8,3.5700000000000003
0xcaf59289145789242a4af6b975997344229841ab,1.0,0.65
0xcb7281ddba4c19c32bcc07489818b1b63c81f5f9,0.2,59.532197808606206
0xcb7281ddba4c19c32bcc07489818b1b63c81f5f9,0.5,19.37790700864426
0xcb7281ddba4c19c32bcc07489818b1b63c81f5f9,0.8,10.1885358
0xcb7281ddba4c19c32bcc07489818b1b63c81f5f9,1.0,9.0849059235765
0xcdbc708656ef6aabe195eddd89d3cc89294cbd73,0.2,12.449900000000003
0xcdbc708656ef6aabe195eddd89d3cc89294cbd73,0.5,9.9996
0xcdbc708656ef6aabe195eddd89d3cc89294cbd73,0.8,5.9796
0xcdbc708656ef6aabe195eddd89d3cc89294cbd73,1.0,5.692306
0xce305d7fc93e0e1f2271e55b5f03e63748b63760,0.2,1.5400888767603307
0xce305d7fc93e0e1f2271e55b5f03e63748b63760,0.5,0.4638234660513991
0xce305d7fc93e0e1f2271e55b5f03e63748b63760,0.8,0.4638234660513991
0xce305d7fc93e0e1f2271e55b5f03e63748b63760,1.0,0.43065400000000004
0xcf006e28309313be21b36d22bde515882182353f,0.2,43.19025534
0xcf006e28309313be21b36d22bde515882182353f,0.5,38.536206019999995
0xcf006e28309313be21b36d22bde515882182353f,0.8,35.27025534
0xcf006e28309313be21b36d22bde515882182353f,1.0,30.228631229999998
0xcf90817e46ec2098f1b1f4f5192db8adf64062b9,0.2,1.0286
0xcf90817e46ec2098f1b1f4f5192db8adf64062b9,0.5,1.0286
0xcf90817e46ec2098f1b1f4f5192db8adf64062b9,0.8,1.0286
0xcf90817e46ec2098f1b1f4f5192db8adf64062b9,1.0,0.6384000000000001
0xd372b7468864233aa6d33aa2dda181511c7804be,0.2,197.6941983551817
0xd372b7468864233aa6d33aa2dda181511c7804be,0.5,15.58
0xd372b7468864233aa6d33aa2dda181511c7804be,0.8,2.8817999999999997
0xd372b7468864233aa6d33aa2dda181511c7804be,1.0,2.2499999999999996
0xdaeb1eb83a0bfacabac7ee811805fa2b43c60d2f,0.2,9.09774398
0xdaeb1eb83a0bfacabac7ee811805fa2b43c60d2f,0.5,2.4
0xdaeb1eb83a0bfacabac7ee811805fa2b43c60d2f,0.8,1.3
0xdaeb1eb83a0bfacabac7ee811805fa2b43c60d2f,1.0,0.6
0xdd704b471041b806b65d04a3b48f5aa953811d06,0.2,2.0000000000000018
0xdd704b471041b806b65d04a3b48f5aa953811d06,0.5,2.0000000000000018
0xdd704b471041b806b65d04a3b48f5aa953811d06,0.8,2.0000000000000018
0xdd704b471041b806b65d04a3b48f5aa953811d06,1.0,2.0000000000000018
0xe27249b5caf89a279dbdceb26ca85ad01e0aac63,0.2,67.38031861847692
0xe27249b5caf89a279dbdceb26ca85ad01e0aac63,0.5,67.38031861847692
0xe27249b5caf89a279dbdceb26ca85ad01e0aac63,0.8,38.8492
0xe27249b5caf89a279dbdceb26ca85ad01e0aac63,1.0,38.8492
0xea5ea97ace089a67895dc11bb8aff9f30694a678,0.2,25.914376707774046
0xea5ea97ace089a67895dc11bb8aff9f30694a678,0.5,10.819
0xea5ea97ace089a67895dc11bb8aff9f30694a678,0.8,9.180000000000001
0xea5ea97ace089a67895dc11bb8aff9f30694a678,1.0,1.548
0xed541ad118dea9103306043869e83344cac44967,0.2,41.795
0xed541ad118dea9103306043869e83344cac44967,0.5,12.219999999999999
0xed541ad118dea9103306043869e83344cac44967,0.8,11.589999999999998
0xed541ad118dea9103306043869e83344cac44967,1.0,4.764704999999998
0xef2281918ea87f8f9070cb982e70f2151240441d,0.2,37.83593082
0xef2281918ea87f8f9070cb982e70f2151240441d,0.5,26.6012103
0xef2281918ea87f8f9070cb982e70f2151240441d,0.8,13.18521702989721
0xef2281918ea87f8f9070cb982e70f2151240441d,1.0,3.2
0xf114b578bc08e5641d4cbfbb52e6e97b038d6ecc,0.2,59.55447603389135
0xf114b578bc08e5641d4cbfbb52e6e97b038d6ecc,0.5,40.6124144
0xf114b578bc08e5641d4cbfbb52e6e97b038d6ecc,0.8,32.58280098168988
0xf114b578bc08e5641d4cbfbb52e6e97b038d6ecc,1.0,19.953897080783616
0xf1432e8ec0445b3428750ea50a396dceb46cb143,0.2,136.8182
0xf1432e8ec0445b3428750ea50a396dceb46cb143,0.5,80.72399999999999
0xf1432e8ec0445b3428750ea50a396dceb46cb143,0.8,39.36
0xf1432e8ec0445b3428750ea50a396dceb46cb143,1.0,4.999999
0xf229d2b21a9183904c56cddeecbe6ab7c4ca3058,0.2,7.068000000000001
0xf229d2b21a9183904c56cddeecbe6ab7c4ca3058,0.5,2.0566
0xf229d2b21a9183904c56cddeecbe6ab7c4ca3058,0.8,1.965749999999999
0xf229d2b21a9183904c56cddeecbe6ab7c4ca3058,1.0,1.3
0xf9712c6d06a0e6527ae7f85c9d540158e1a40a57,0.2,86.00012790806319
0xf9712c6d06a0e6527ae7f85c9d540158e1a40a57,0.5,36.692199220000006
0xf9712c6d06a0e6527ae7f85c9d540158e1a40a57,0.8,24.173000999999996
0xf9712c6d06a0e6527ae7f85c9d540158e1a40a57,1.0,23.92929008
