idea,signal,split,fraction,threshold,trades,firing_rate,pnl,roi_w,pnl_per_trade
BigWinnerMarketCharacterization,sig_mkt_price,val,,,144683,1.0,-38140.73,-0.0796,-0.2636
BigWinnerMarketCharacterization,sig_mkt_price,test,,,170276,1.0,22264.81,0.0381,0.1308
BigWinnerMarketCharacterization,sig_mkt_price,val,0.5,0.0003,101400,0.7008,-37615.99,-0.0787,-0.371
BigWinnerMarketCharacterization,sig_mkt_price,test,0.5,0.0003,153823,0.9034,22449.24,0.0384,0.1459
BigWinnerMarketCharacterization,sig_mkt_price,val,0.25,0.4776,89031,0.6154,-34661.05,-0.0739,-0.3893
BigWinnerMarketCharacterization,sig_mkt_price,test,0.25,0.4776,138608,0.814,20379.82,0.0353,0.147
BigWinnerMarketCharacterization,sig_mkt_price,val,0.1,0.8044,63195,0.4368,2614.34,0.0072,0.0414
BigWinnerMarketCharacterization,sig_mkt_price,test,0.1,0.8044,122971,0.7222,20031.57,0.0373,0.1629
BigWinnerMarketCharacterization,sig_mkt_notional_before,val,,,144683,1.0,-38140.73,-0.0796,-0.2636
BigWinnerMarketCharacterization,sig_mkt_notional_before,test,,,170276,1.0,22264.81,0.0381,0.1308
BigWinnerMarketCharacterization,sig_mkt_notional_before,val,0.5,-0.0006,129343,0.894,-10680.64,-0.0346,-0.0826
BigWinnerMarketCharacterization,sig_mkt_notional_before,test,0.5,-0.0006,154679,0.9084,350.61,0.0008,0.0023
BigWinnerMarketCharacterization,sig_mkt_notional_before,val,0.25,0.5003,76018,0.5254,-13824.32,-0.117,-0.1819
BigWinnerMarketCharacterization,sig_mkt_notional_before,test,0.25,0.5003,122502,0.7194,-11359.03,-0.0731,-0.0927
BigWinnerMarketCharacterization,sig_mkt_notional_before,val,0.1,0.8,22128,0.1529,443.21,0.0185,0.02
BigWinnerMarketCharacterization,sig_mkt_notional_before,test,0.1,0.8,29274,0.1719,-152.74,-0.0096,-0.0052
CopyCrowdEntryTiming,sig_ccw_recent_24h_co,val,,,144683,1.0,-38140.73,-0.0796,-0.2636
CopyCrowdEntryTiming,sig_ccw_recent_24h_co,test,,,170276,1.0,22264.81,0.0381,0.1308
CopyCrowdEntryTiming,sig_ccw_recent_24h_co,val,0.5,-0.0229,76811,0.5309,18281.95,0.0802,0.238
CopyCrowdEntryTiming,sig_ccw_recent_24h_co,test,0.5,-0.0229,97487,0.5725,12274.82,0.0506,0.1259
CopyCrowdEntryTiming,sig_ccw_recent_24h_co,val,0.25,0.668,11327,0.0783,8711.59,0.1483,0.7691
CopyCrowdEntryTiming,sig_ccw_recent_24h_co,test,0.25,0.668,3118,0.0183,4152.8,0.1232,1.3319
CopyCrowdEntryTiming,sig_ccw_recent_24h_co,val,0.1,0.668,11327,0.0783,8711.59,0.1483,0.7691
CopyCrowdEntryTiming,sig_ccw_recent_24h_co,test,0.1,0.668,3118,0.0183,4152.8,0.1232,1.3319
CopyCrowdEntryTiming,sig_ccw_n_co,val,,,144683,1.0,-38140.73,-0.0796,-0.2636
CopyCrowdEntryTiming,sig_ccw_n_co,test,,,170276,1.0,22264.81,0.0381,0.1308
CopyCrowdEntryTiming,sig_ccw_n_co,val,0.5,-0.1024,95588,0.6607,-21551.05,-0.0623,-0.2255
CopyCrowdEntryTiming,sig_ccw_n_co,test,0.5,-0.1024,106225,0.6238,18092.17,0.0489,0.1703
CopyCrowdEntryTiming,sig_ccw_n_co,val,0.25,0.6594,13939,0.0963,8701.94,0.1076,0.6243
CopyCrowdEntryTiming,sig_ccw_n_co,test,0.25,0.6594,3551,0.0209,4565.17,0.1261,1.2856
CopyCrowdEntryTiming,sig_ccw_n_co,val,0.1,0.6594,13939,0.0963,8701.94,0.1076,0.6243
CopyCrowdEntryTiming,sig_ccw_n_co,test,0.1,0.6594,3551,0.0209,4565.17,0.1261,1.2856
CopyWalletQualitySignals,sig_wal_trade_count,val,,,144683,1.0,-38140.73,-0.0796,-0.2636
CopyWalletQualitySignals,sig_wal_trade_count,test,,,170276,1.0,22264.81,0.0381,0.1308
CopyWalletQualitySignals,sig_wal_trade_count,val,0.5,-0.0476,137239,0.9485,-35757.16,-0.0819,-0.2605
CopyWalletQualitySignals,sig_wal_trade_count,test,0.5,-0.0476,166005,0.9749,21825.09,0.0381,0.1315
CopyWalletQualitySignals,sig_wal_trade_count,val,0.25,0.4879,111062,0.7676,15722.64,0.0655,0.1416
CopyWalletQualitySignals,sig_wal_trade_count,test,0.25,0.4879,67957,0.3991,23840.73,0.0999,0.3508
CopyWalletQualitySignals,sig_wal_trade_count,val,0.1,0.8009,60914,0.421,14131.39,0.102,0.232
CopyWalletQualitySignals,sig_wal_trade_count,test,0.1,0.8009,43281,0.2542,6352.35,0.082,0.1468
CopyWalletQualitySignals,sig_wal_copyable_pnl,val,,,144683,1.0,-38140.73,-0.0796,-0.2636
CopyWalletQualitySignals,sig_wal_copyable_pnl,test,,,170276,1.0,22264.81,0.0381,0.1308
CopyWalletQualitySignals,sig_wal_copyable_pnl,val,0.5,-0.064,139629,0.9651,-36729.73,-0.083,-0.2631
CopyWalletQualitySignals,sig_wal_copyable_pnl,test,0.5,-0.064,166952,0.9805,22140.13,0.0385,0.1326
CopyWalletQualitySignals,sig_wal_copyable_pnl,val,0.25,0.4946,118778,0.821,-1722.24,-0.0066,-0.0145
CopyWalletQualitySignals,sig_wal_copyable_pnl,test,0.25,0.4946,75722,0.4447,15505.89,0.0674,0.2048
CopyWalletQualitySignals,sig_wal_copyable_pnl,val,0.1,0.7948,69149,0.4779,12788.61,0.0851,0.1849
CopyWalletQualitySignals,sig_wal_copyable_pnl,test,0.1,0.7948,55725,0.3273,10571.67,0.0692,0.1897
FadeReactiveSellFlow,sig_fsf_sell_6h_both_sides,val,,,144683,1.0,-38140.73,-0.0796,-0.2636
FadeReactiveSellFlow,sig_fsf_sell_6h_both_sides,test,,,170276,1.0,22264.81,0.0381,0.1308
FadeReactiveSellFlow,sig_fsf_sell_6h_both_sides,val,0.5,-0.0009,100261,0.693,1126.74,0.0026,0.0112
FadeReactiveSellFlow,sig_fsf_sell_6h_both_sides,test,0.5,-0.0009,95743,0.5623,22797.73,0.039,0.2381
FadeReactiveSellFlow,sig_fsf_sell_6h_both_sides,val,0.25,0.5051,84300,0.5827,-5544.84,-0.0155,-0.0658
FadeReactiveSellFlow,sig_fsf_sell_6h_both_sides,test,0.25,0.5051,72570,0.4262,11842.6,0.0256,0.1632
FadeReactiveSellFlow,sig_fsf_sell_6h_both_sides,val,0.1,0.7991,54449,0.3763,1221.83,0.0076,0.0224
FadeReactiveSellFlow,sig_fsf_sell_6h_both_sides,test,0.1,0.7991,46796,0.2748,-7665.54,-0.0501,-0.1638
FadeReactiveSellFlow,sig_fsf_sell_6h_overseller,val,,,144683,1.0,-38140.73,-0.0796,-0.2636
FadeReactiveSellFlow,sig_fsf_sell_6h_overseller,test,,,170276,1.0,22264.81,0.0381,0.1308
FadeReactiveSellFlow,sig_fsf_sell_6h_overseller,val,0.5,-0.0027,113050,0.7814,1494.09,0.0034,0.0132
FadeReactiveSellFlow,sig_fsf_sell_6h_overseller,test,0.5,-0.0027,91064,0.5348,22264.81,0.0381,0.2445
FadeReactiveSellFlow,sig_fsf_sell_6h_overseller,val,0.25,0.5015,82755,0.572,-13017.75,-0.0345,-0.1573
FadeReactiveSellFlow,sig_fsf_sell_6h_overseller,test,0.25,0.5015,73948,0.4343,13676.06,0.031,0.1849
FadeReactiveSellFlow,sig_fsf_sell_6h_overseller,val,0.1,0.8647,24640,0.1703,-973.2,-0.0225,-0.0395
FadeReactiveSellFlow,sig_fsf_sell_6h_overseller,test,0.1,0.8647,23961,0.1407,-12301.82,-0.2649,-0.5134
GamblerCapitulationSqueeze,sig_uwl_opp_gambler,val,,,144683,1.0,-38140.73,-0.0796,-0.2636
GamblerCapitulationSqueeze,sig_uwl_opp_gambler,test,,,170276,1.0,22264.81,0.0381,0.1308
GamblerCapitulationSqueeze,sig_uwl_opp_gambler,val,0.5,0.3107,139422,0.9636,-41975.12,-0.0924,-0.3011
GamblerCapitulationSqueeze,sig_uwl_opp_gambler,test,0.5,0.3107,157351,0.9241,16917.88,0.0314,0.1075
GamblerCapitulationSqueeze,sig_uwl_opp_gambler,val,0.25,0.3107,139422,0.9636,-41975.12,-0.0924,-0.3011
GamblerCapitulationSqueeze,sig_uwl_opp_gambler,test,0.25,0.3107,157351,0.9241,16917.88,0.0314,0.1075
GamblerCapitulationSqueeze,sig_uwl_opp_gambler,val,0.1,0.3107,139422,0.9636,-41975.12,-0.0924,-0.3011
GamblerCapitulationSqueeze,sig_uwl_opp_gambler,test,0.1,0.3107,157351,0.9241,16917.88,0.0314,0.1075
GamblerCapitulationSqueeze,sig_uwl_opp_retail,val,,,144683,1.0,-38140.73,-0.0796,-0.2636
GamblerCapitulationSqueeze,sig_uwl_opp_retail,test,,,170276,1.0,22264.81,0.0381,0.1308
GamblerCapitulationSqueeze,sig_uwl_opp_retail,val,0.5,-0.0,117808,0.8142,-27882.09,-0.066,-0.2367
GamblerCapitulationSqueeze,sig_uwl_opp_retail,test,0.5,-0.0,145437,0.8541,15318.37,0.0284,0.1053
GamblerCapitulationSqueeze,sig_uwl_opp_retail,val,0.25,0.4845,86121,0.5952,-26727.92,-0.0645,-0.3104
GamblerCapitulationSqueeze,sig_uwl_opp_retail,test,0.25,0.4845,137910,0.8099,15821.47,0.0299,0.1147
GamblerCapitulationSqueeze,sig_uwl_opp_retail,val,0.1,0.8004,63154,0.4365,-25968.38,-0.0648,-0.4112
GamblerCapitulationSqueeze,sig_uwl_opp_retail,test,0.1,0.8004,110093,0.6466,17681.59,0.0401,0.1606
FreshOppositeCrowdingFilter,sig_val_opp_both_sides,val,,,144683,1.0,-38140.73,-0.0796,-0.2636
FreshOppositeCrowdingFilter,sig_val_opp_both_sides,test,,,170276,1.0,22264.81,0.0381,0.1308
FreshOppositeCrowdingFilter,sig_val_opp_both_sides,val,0.5,-0.0048,134746,0.9313,-744.3,-0.0019,-0.0055
FreshOppositeCrowdingFilter,sig_val_opp_both_sides,test,0.5,-0.0048,159692,0.9378,15437.37,0.0316,0.0967
FreshOppositeCrowdingFilter,sig_val_opp_both_sides,val,0.25,0.4936,105791,0.7312,-13017.09,-0.051,-0.123
FreshOppositeCrowdingFilter,sig_val_opp_both_sides,test,0.25,0.4936,145231,0.8529,13625.04,0.0383,0.0938
FreshOppositeCrowdingFilter,sig_val_opp_both_sides,val,0.1,0.8001,47525,0.3285,-3529.69,-0.0397,-0.0743
FreshOppositeCrowdingFilter,sig_val_opp_both_sides,test,0.1,0.8001,44374,0.2606,1829.14,0.0119,0.0412
FreshOppositeCrowdingFilter,sig_val_opp_overseller,val,,,144683,1.0,-38140.73,-0.0796,-0.2636
FreshOppositeCrowdingFilter,sig_val_opp_overseller,test,,,170276,1.0,22264.81,0.0381,0.1308
FreshOppositeCrowdingFilter,sig_val_opp_overseller,val,0.5,-0.0017,137149,0.9479,-39949.44,-0.0868,-0.2913
FreshOppositeCrowdingFilter,sig_val_opp_overseller,test,0.5,-0.0017,159831,0.9387,15702.11,0.0276,0.0982
FreshOppositeCrowdingFilter,sig_val_opp_overseller,val,0.25,0.5128,113810,0.7866,-6837.11,-0.0239,-0.0601
FreshOppositeCrowdingFilter,sig_val_opp_overseller,test,0.25,0.5128,141069,0.8285,6943.89,0.0159,0.0492
FreshOppositeCrowdingFilter,sig_val_opp_overseller,val,0.1,0.8131,36625,0.2531,3916.79,0.0254,0.1069
FreshOppositeCrowdingFilter,sig_val_opp_overseller,test,0.1,0.8131,110209,0.6472,3202.62,0.0125,0.0291
UwlOppContrarian,sig_uwl_opp_gambler,val,,,144683,1.0,-38140.73,-0.0796,-0.2636
UwlOppContrarian,sig_uwl_opp_gambler,test,,,170276,1.0,22264.81,0.0381,0.1308
UwlOppContrarian,sig_uwl_opp_gambler,val,0.5,0.3107,139422,0.9636,-41975.12,-0.0924,-0.3011
UwlOppContrarian,sig_uwl_opp_gambler,test,0.5,0.3107,157351,0.9241,16917.88,0.0314,0.1075
UwlOppContrarian,sig_uwl_opp_gambler,val,0.25,0.3107,139422,0.9636,-41975.12,-0.0924,-0.3011
UwlOppContrarian,sig_uwl_opp_gambler,test,0.25,0.3107,157351,0.9241,16917.88,0.0314,0.1075
UwlOppContrarian,sig_uwl_opp_gambler,val,0.1,0.3107,139422,0.9636,-41975.12,-0.0924,-0.3011
UwlOppContrarian,sig_uwl_opp_gambler,test,0.1,0.3107,157351,0.9241,16917.88,0.0314,0.1075
UwlOppContrarian,sig_uwl_opp_retail,val,,,144683,1.0,-38140.73,-0.0796,-0.2636
UwlOppContrarian,sig_uwl_opp_retail,test,,,170276,1.0,22264.81,0.0381,0.1308
UwlOppContrarian,sig_uwl_opp_retail,val,0.5,-0.0,117808,0.8142,-27882.09,-0.066,-0.2367
UwlOppContrarian,sig_uwl_opp_retail,test,0.5,-0.0,145437,0.8541,15318.37,0.0284,0.1053
UwlOppContrarian,sig_uwl_opp_retail,val,0.25,0.4845,86121,0.5952,-26727.92,-0.0645,-0.3104
UwlOppContrarian,sig_uwl_opp_retail,test,0.25,0.4845,137910,0.8099,15821.47,0.0299,0.1147
UwlOppContrarian,sig_uwl_opp_retail,val,0.1,0.8004,63154,0.4365,-25968.38,-0.0648,-0.4112
UwlOppContrarian,sig_uwl_opp_retail,test,0.1,0.8004,110093,0.6466,17681.59,0.0401,0.1606
