city,condition_id,resolution_source,station,station_icao,station_other_id
New York City,0x9a82bfe933aaed16ed87f1b163c5ec58bf6396a397723b2e6a8780bbd1a854f4,Wunderground,LaGuardia Airport,,
Washington,0xb4174a7b0d700835176669a8161d8e94a620bc5cd707d7f2ae54448ac9f15d87,Wunderground,Ronald Reagan Washington National Airport,,
London,0xaebf95fc7749b2cf0f2863a62b58b99535699e7a98fc9ef7cadd829f081caa93,Wunderground,,EGLC,
Dubai,0xba5815633906c7f6d91d3dca1262a951fcd0209b300b3ce81f1bdee941ffaab6,Wunderground,,OMDB,
Chicago,0xaa61dba1f9d9c5d9943c427e64a86a675f6296df7f935a3bd82c847ad95daee5,Wunderground,Chicago O'Hare Intl Airport,,
Los Angeles,0xb940eb73740c375fc4616ace87e8a15c5ee4468126367980f5bc684e56b20fa5,Wunderground,Los Angeles Intl Airport,,
Denver,0xe7feafeacc9d3c66baac4cf0e6766410fb17fafee88e475be66695b1a488b6a3,Wunderground,Buckley Space Force Base,,
Phoenix,0xf7d569f45716b3015d77595657181c1c58c985cc87ce9b38b60cc3738502313c,Wunderground,Phoenix Sky Harbor Intl Airport,,
Miami,0x233509326b72aa639498c5ecf936c281fa84e28e6c334ffa893729b488ef3c12,Wunderground,Miami Intl Airport,,
Dallas,0x6b0f32a6e4675b027ea1b93243bd22db65c12ccc3234b2f396cde8cb14361748,Wunderground,Dallas Love Field,,
Buenos Aires,0xa322c01b02025955a972c28cbb853b29b3c67a840dbe45512ca8ee365c8b3699,Wunderground,,SAEZ,
Seattle,0xa386294f4bd62abe79e8c5221f7f2fb88547d1eb0a9995922b0b4f4657ee2251,Wunderground,Seattle-Tacoma International Airport,,
Toronto,0x93116232c58a259cb7de9307ae2be471c5e22ba83c5cd43eabc0fea1c268965c,Wunderground,,CYYZ,
Seoul,0xe1b3606eaea51dfe2161618c64f9627289e6cc36fa7745a75ab8dd33acafeaf7,Wunderground,,RKSI,
Atlanta,0xc49f29db84fb847699b284d713358b3994c48369386a428679654a8638237cc3,Wunderground,Hartsfield-Jackson International Airport,,
Wellington,0x8f7229ea2c11a0a37d4633a51bf0bf5839e846f4e04f5637f4906c912e73891d,Wunderground,,NZWN,
Ankara,0x8d319fc84d10bad7dec72c6254205bb7201e71af10739092d752484c7467e451,Wunderground,,LTAC,
Sao Paulo,0xaba00126a42e45c50e3144a6c6084c876024006bfd3aceb972a8fe45dc4c7086,Wunderground,,SBGR,
Paris,0xab05619aa8e64bbb306e06a6c5bed1735c46cb8de34fc201bf9c482efdab1012,Wunderground,,LFPG,
Munich,0xa2c69d907be8429c7f3dad70e404d6fc04fd6534feb77927ab6b700e9fd3ecb9,Wunderground,,EDDM,
Lucknow,0x93f6a8df180f0725eb14395825169ff063b59081259753505b5bcb6a4e45c4cc,Wunderground,,VILK,
Tel Aviv,0xaaa5948366be0f039310d171d5c5c3367191f2aa0cdc4aa2c7a41843dfc395a6,Wunderground,,LLBG,
Tokyo,0x8b4ecc5732db6da12c0226365f6a45e5188e0ce7e73c9bfaad3c17752d84242b,Wunderground,,RJTT,
Singapore,0xa3f94b1cccba57d771b59c632b8c3fca4165d75b42593fde1410349959e47968,Wunderground,,WSSS,
Hong Kong,0x939b9fac97053f89b53d1913e25d9dfad4ce522a48b1c43aaa006378c40fc577,Wunderground,,VHHH,
Shanghai,0xa04c7dc36a6f9c17ac0eef2c91c2a6cdb8f1c75255e761724de8383e51ec7bc0,Wunderground,,ZSPD,
Warsaw,0xaafad0fc8ead3a1d7d9e16d4b03d46c3b534e4f7ad9d227f418d8ceda5d0ab5e,Wunderground,,EPWA,
Madrid,0x8b32480820607af9939a37cf612762c59de691d1231f384ad7183138f7723bf2,Wunderground,,LEMD,
Milan,0x81f737783d7b48c7e139b5bc3728baba8029a688ce6b7388609e43c2f4efc307,Wunderground,,LIMC,
Taipei,0xa597797e9c2a9d33ffa380f419143bc488e1eb832086912c30f3ed5543d67941,,,,46692
Chengdu,0xac85434fb90c98d29b9c1406575461ed511d0395cc70e38a2ac31dc5ad10ef70,Wunderground,,ZUUU,
Beijing,0xa0c6074bfe5e6c1dbc2b53917c5a44081e48b4cf8efc2a13151f59e6c65ccb75,Wunderground,,ZBAA,
Shenzhen,0xa67ab85b3fd0be9723b4d9dded18b492cea3317af86234a95d198e73cad6ccfb,Wunderground,,ZGSZ,
Wuhan,0x8e3fd741c22524d30998c8a431ebdc9ca9eb78237912230c91b10380b8835e79,Wunderground,,ZHHH,
Chongqing,0x84d67a27125a295bfd63c7bbcbdbe45206ff80b3bffafa0e757a1b13149eb5dd,Wunderground,,ZUCK,
Austin,0xa2a5c7f7e894be7ef3a573acbf02788335ef9d1b388e9a2de41bd58e6ad4486f,Wunderground,Austin-Bergstrom International Airport,,
Houston,0xa666a18a503b6c81cc30a731b8d71c43c85eb0983ccf1ada292761741df138b2,Wunderground,William P. Hobby Airport,,
San Francisco,0xd7aed17ab33d3c0dc0334eab89a91856d46a033615ef25cc5877d863014ef5b1,Wunderground,San Francisco International Airport,,
Moscow,0xace5a10312d5801fda8a8249fcb6046cd269d51d279ab9ba99f24c7dd52967f7,NOAA,,UUWW,
Istanbul,0xbf64495f71802ebfad8ae3486dcef6c59d388b3ba17b5b09fa78efbbcf2c488f,NOAA,,LTFM,
Mexico City,0xf7c1853079f5239dbf06fa697bc91bc6e312459c015de50bf683fbc61adac760,Wunderground,,MMMX,
Kuala Lumpur,0xa9baa2e67f328540bcbf31ca2c2d8cdf2ab5438564a7a0a090408773d4d0a019,Wunderground,,WMKK,
Busan,0xa7f84280fbb4a28db682a98b778eedcd28d3d35217682f005bebd348bb983c78,Wunderground,,RKPK,
Helsinki,0xa67dbf338d1e9e7290ae7220d6c80fa4dc311d7a3afe5887a58de3336bd82e93,Wunderground,,EFHK,
Panama City,0xa1783e53819736bb8559c8102175022ed0f8a2ba849434564cae30e3486508e1,Wunderground,,MPMG,
Jakarta,0xa28be7ab48a898ffaa6676557beeba1f60683a615f94ccc7ae10c4a7d25ea007,Wunderground,,WIHH,
Amsterdam,0x805ed477a523220899f352330d18fc6a5fb79c0470dc193dd661e2439a9cefe5,Wunderground,,EHAM,
Jeddah,0xaebbf61dd7cd59e1155b24752bbf63d947dd9e2be5426e318b1c508e8f1905b6,Wunderground,,OEJN,
Cape Town,0xa2971fff95cc65d2edb1d6f66248e965a938b33f4694fb0183c9aee614bc913c,Wunderground,,FACT,
Lagos,0xb65aafbeadef8e30836784a355ac18fa6ad8abe3d832e1e0ac9a14439e020d37,Wunderground,,DNMM,
Karachi,0xa29c07ba31b2252e1fe55d94b2e8f9bc2f85011fc8d7ddf86d0a32da450f01a2,Wunderground,,OPKC,
Guangzhou,0xa42ca03cc11c884d6dfaccfd4019ae2d88f92155b81d876967553c9ed15d77c3,Wunderground,,ZGGG,
Manila,0xa5b14990b1f85da7085ac550499725c89a42a78390d1035ff70e087a331d6875,Wunderground,,RPLL,
Qingdao,0xa1313a83f62be9a88a553e8d3f13977e60adf7e81c3575326eeb9de9c5066e5f,Wunderground,,ZSQD,
Seoul (Incheon),0xbefd56446b19d8129204c790e8ba972d625e3cdb896f5b504a00c0eef7cb7a5a,Wunderground,,RKSI,
